strategy,symbol,side,entry,sl,tp2,time,outcome,result_r
S1,XAUUSD,SHORT,4704.7998046875,4773.142697819242,4568.114018424016,2026-04-23 15:30:00+05:30,EXPIRED,-0.11852143339375075
S1,XAUUSD,SHORT,4634.10009765625,4718.641102825319,4465.0180873181125,2026-04-28 13:30:00+05:30,EXPIRED,0.5583112623052804
S1,XAUUSD,SHORT,4631.89990234375,4718.553511428062,4458.592684175126,2026-04-28 14:45:00+05:30,EXPIRED,0.5423894110892726
S1,XAUUSD,LONG,4608.39990234375,4548.925128944844,4727.349449141562,2026-04-30 13:00:00+05:30,EXPIRED,-0.4455670612187217
S1,XAUUSD,SHORT,4597.10009765625,4653.49349390501,4484.31330515873,2026-05-01 13:00:00+05:30,SL,-1.0
S1,XAUUSD,SHORT,4589.7001953125,4642.821985305766,4483.4566153259675,2026-05-04 13:15:00+05:30,EXPIRED,0.4047303376397022
S1,XAUUSD,SHORT,4592.10009765625,4642.5810099932205,4491.138272982309,2026-05-04 14:45:00+05:30,EXPIRED,0.6735219001796755
S1,XAUUSD,LONG,4568.2001953125,4521.133475627828,4662.333634681843,2026-05-05 14:15:00+05:30,TP2,2.0
S1,XAUUSD,LONG,4565.60009765625,4521.18394521187,4654.43240254501,2026-05-05 15:00:00+05:30,TP2,2.0
S1,XAUUSD,LONG,4692.39990234375,4554.266405333459,4968.6668963643315,2026-05-06 13:15:00+05:30,EXPIRED,0.352558911245633
S1,XAUUSD,SHORT,4558.89990234375,4672.678830567152,4331.342045896947,2026-05-15 14:15:00+05:30,EXPIRED,-0.026366920895137865
S1,XAUUSD,SHORT,4555.7998046875,4672.866714089366,4321.665985883768,2026-05-15 15:45:00+05:30,EXPIRED,-0.05210778765252665
S2,XAUUSD,LONG,4844.39990234375,4835.318106839964,4862.563493351323,2026-04-15 18:45:00+05:30,SL,-1.0
S2,XAUUSD,LONG,4846.2001953125,4838.589496685663,4861.421592566174,2026-04-16 12:00:00+05:30,SL,-1.0
S2,XAUUSD,LONG,4843.89990234375,4836.740998393071,4858.217710245108,2026-04-16 17:15:00+05:30,SL,-1.0
S2,XAUUSD,LONG,4818.7001953125,4810.96980718315,4834.1609715712,2026-04-17 14:00:00+05:30,SL,-1.0
S2,XAUUSD,LONG,4814.89990234375,4807.801635629947,4829.0964357713565,2026-04-17 16:45:00+05:30,TP2,2.0
S2,XAUUSD,LONG,4812.60009765625,4804.252732854778,4829.294827259195,2026-04-21 17:00:00+05:30,SL,-1.0
S2,XAUUSD,SHORT,4762.7998046875,4776.110087184116,4736.179239694267,2026-04-21 20:00:00+05:30,SL,-1.0
S2,XAUUSD,SHORT,4732.2001953125,4741.2861290645105,4714.028327808479,2026-04-23 13:45:00+05:30,TP2,2.0
S2,XAUUSD,LONG,4757.0,4746.842846247008,4777.314307505983,2026-04-23 18:00:00+05:30,SL,-1.0
S2,XAUUSD,SHORT,4702.60009765625,4711.530832001203,4684.738628966345,2026-04-24 13:30:00+05:30,SL,-1.0
S2,XAUUSD,SHORT,4698.7001953125,4707.4769710712535,4681.146643794993,2026-04-24 14:45:00+05:30,SL,-1.0
S2,XAUUSD,LONG,4748.0,4735.200788895353,4773.598422209294,2026-04-24 19:30:00+05:30,SL,-1.0
S2,XAUUSD,LONG,4724.2001953125,4717.855975429119,4736.888635079262,2026-04-27 16:00:00+05:30,SL,-1.0
S2,XAUUSD,LONG,4724.0,4717.594345468024,4736.811309063953,2026-04-27 17:30:00+05:30,SL,-1.0
S2,XAUUSD,SHORT,4589.60009765625,4597.883915369167,4573.032462230416,2026-04-29 12:45:00+05:30,TP2,2.0
S2,XAUUSD,LONG,4603.5,4594.19711479943,4622.10577040114,2026-04-30 12:30:00+05:30,TP2,2.0
S2,XAUUSD,LONG,4637.5,4625.710604247995,4661.078791504009,2026-05-01 19:15:00+05:30,TP2,2.0
S2,XAUUSD,SHORT,4552.0,4562.561468719444,4530.877062561112,2026-05-04 15:30:00+05:30,SL,-1.0
S2,XAUUSD,SHORT,4572.7001953125,4585.542968842485,4547.014648252531,2026-05-04 20:15:00+05:30,TP2,2.0
S2,XAUUSD,LONG,4584.10009765625,4575.487768908522,4601.324755151705,2026-05-05 17:45:00+05:30,SL,-1.0
S2,XAUUSD,LONG,4589.60009765625,4580.510642670312,4607.779007628125,2026-05-05 18:30:00+05:30,SL,-1.0
S2,XAUUSD,LONG,4736.60009765625,4726.091962086459,4757.616368795832,2026-05-08 18:45:00+05:30,TP2,2.0
S2,XAUUSD,LONG,4730.0,4719.14334191116,4751.71331617768,2026-05-11 18:30:00+05:30,TP2,2.0
S3,XAUUSD,LONG,4828.2001953125,4811.530077483625,4869.875489884687,2026-04-16 21:15:00+05:30,SL,-1.0
S3,XAUUSD,SHORT,4807.7001953125,4817.198279536872,4783.95498475157,2026-04-17 12:30:00+05:30,SL,-1.0
S3,XAUUSD,SHORT,4812.0,4817.221982923747,4798.945042690631,2026-04-17 12:45:00+05:30,SL,-1.0
S3,XAUUSD,LONG,4739.10009765625,4722.412586238991,4780.818876199397,2026-05-07 21:15:00+05:30,SL,-1.0
S3,XAUUSD,LONG,4711.39990234375,4699.984851240309,4739.937530102354,2026-05-13 17:00:00+05:30,SL,-1.0
S4,XAUUSD,SHORT,4779.5,4792.188575986189,4741.434272041433,2026-04-22 13:15:00+05:30,TP2,3.0
S4,XAUUSD,SHORT,4713.2001953125,4735.435103191626,4646.495471675123,2026-04-23 14:30:00+05:30,SL,-1.0
S4,XAUUSD,SHORT,4725.60009765625,4734.80085162316,4697.997835755519,2026-04-27 13:30:00+05:30,TP2,3.0
S4,XAUUSD,SHORT,4722.0,4734.819830810002,4683.540507569995,2026-04-27 14:15:00+05:30,TP2,3.0
S4,XAUUSD,SHORT,4634.10009765625,4655.440907512819,4570.077668086544,2026-04-28 13:30:00+05:30,TP2,3.0
S4,XAUUSD,SHORT,4639.39990234375,4655.30204626147,4591.693470590589,2026-04-28 14:30:00+05:30,TP2,3.0
S4,XAUUSD,SHORT,4581.39990234375,4604.845566464172,4511.062909982483,2026-04-29 13:15:00+05:30,SL,-1.0
S4,XAUUSD,SHORT,4578.7998046875,4604.943280200735,4500.369378147795,2026-04-29 14:45:00+05:30,SL,-1.0
S4,XAUUSD,LONG,4608.39990234375,4594.625324257344,4649.723636602968,2026-04-30 13:00:00+05:30,TP2,3.0
S4,XAUUSD,SHORT,4589.5,4611.241300980991,4524.276097057028,2026-05-01 13:15:00+05:30,SL,-1.0
S4,XAUUSD,SHORT,4589.7001953125,4606.321985305766,4539.834825332701,2026-05-04 13:15:00+05:30,TP2,3.0
S4,XAUUSD,SHORT,4592.10009765625,4606.0810099932205,4550.1573606453385,2026-05-04 14:45:00+05:30,TP2,3.0
S4,XAUUSD,SHORT,4555.39990234375,4567.078610668561,4520.363777369317,2026-05-05 13:15:00+05:30,SL,-1.0
S4,XAUUSD,LONG,4692.39990234375,4666.666307677209,4769.600686343372,2026-05-06 13:15:00+05:30,EXPIRED,1.8924754175840357
S4,XAUUSD,SHORT,4676.39990234375,4690.534842262519,4633.995082587442,2026-05-11 13:15:00+05:30,SL,-1.0
S4,XAUUSD,SHORT,4679.60009765625,4690.505876128938,4646.882762238185,2026-05-11 13:45:00+05:30,SL,-1.0
S4,XAUUSD,SHORT,4704.5,4718.077614767796,4663.767155696612,2026-05-13 13:45:00+05:30,SL,-1.0
S4,XAUUSD,SHORT,4701.89990234375,4718.0809402034565,4653.35678876463,2026-05-13 14:30:00+05:30,SL,-1.0
S4,XAUUSD,LONG,4716.60009765625,4699.1917230504905,4768.8252214735285,2026-05-14 13:00:00+05:30,SL,-1.0
S4,XAUUSD,SHORT,4700.10009765625,4715.33805683258,4654.38622012726,2026-05-14 13:15:00+05:30,SL,-1.0
S4,XAUUSD,SHORT,4700.2998046875,4715.193437355204,4655.618906684388,2026-05-14 14:15:00+05:30,SL,-1.0
S4,XAUUSD,SHORT,4697.2998046875,4715.118553167561,4643.843559247317,2026-05-14 14:45:00+05:30,SL,-1.0
S4,XAUUSD,SHORT,4569.7001953125,4596.3673827867615,4489.698632889716,2026-05-15 13:30:00+05:30,EXPIRED,0.29250527361682416
S5,XAUUSD,LONG,4843.89990234375,4837.539070380747,4856.621566269756,2026-04-16 17:15:00+05:30,SL,-1.0
S5,XAUUSD,SHORT,4811.2001953125,4821.59388101015,4790.4128239172005,2026-04-20 15:00:00+05:30,SL,-1.0
S5,XAUUSD,SHORT,4809.39990234375,4822.086698998558,4784.026309034134,2026-04-20 16:30:00+05:30,SL,-1.0
S5,XAUUSD,SHORT,4818.10009765625,4829.192155774251,4795.9159814202485,2026-04-20 20:30:00+05:30,SL,-1.0
S5,XAUUSD,SHORT,4820.10009765625,4829.0659241385865,4802.168444691577,2026-04-20 21:00:00+05:30,SL,-1.0
S5,XAUUSD,SHORT,4719.2998046875,4723.6029306145965,4710.693552833307,2026-04-27 16:30:00+05:30,SL,-1.0
S5,XAUUSD,LONG,4720.7001953125,4714.221728743121,4733.657128451257,2026-05-08 13:30:00+05:30,TP2,2.0
S5,XAUUSD,LONG,4732.60009765625,4720.809627277929,4756.181038412891,2026-05-08 20:00:00+05:30,SL,-1.0
S5,XAUUSD,LONG,4727.2001953125,4720.586117593328,4740.428350750844,2026-05-08 21:45:00+05:30,SL,-1.0
S5,XAUUSD,SHORT,4684.2998046875,4693.343938300767,4666.211537460966,2026-05-11 12:30:00+05:30,TP2,2.0
S5,XAUUSD,LONG,4715.7001953125,4709.968755212366,4727.163075512768,2026-05-13 12:45:00+05:30,SL,-1.0
S5,XAUUSD,SHORT,4711.0,4717.940599994528,4697.118800010943,2026-05-13 13:00:00+05:30,TP2,2.0
S5,XAUUSD,LONG,4711.39990234375,4707.648296106616,4718.903114818018,2026-05-13 17:00:00+05:30,SL,-1.0
S5,XAUUSD,SHORT,4703.2998046875,4708.17087699912,4693.55766006426,2026-05-13 21:15:00+05:30,SL,-1.0
S5,XAUUSD,SHORT,4700.10009765625,4706.071636037058,4688.157020894634,2026-05-14 13:15:00+05:30,SL,-1.0
S5,XAUUSD,SHORT,4700.2998046875,4706.158461507452,4688.582491047597,2026-05-14 14:15:00+05:30,SL,-1.0
S5,XAUUSD,SHORT,4700.2001953125,4705.6900759582195,4689.220434021061,2026-05-14 16:00:00+05:30,SL,-1.0
S5,XAUUSD,SHORT,4698.2001953125,4705.524725354326,4683.551135228849,2026-05-14 16:45:00+05:30,SL,-1.0
S1,GBPUSD,LONG,1.3437933921813965,1.3413148527243495,1.3487504710954905,2026-04-10 15:15:00+05:30,SL,-1.0
S1,GBPUSD,LONG,1.3541659116744995,1.3502512397118778,1.361995255599743,2026-04-14 14:30:00+05:30,EXPIRED,0.37044764445959766
S1,GBPUSD,SHORT,1.3560259342193604,1.3595612355304973,1.3489553315970864,2026-04-16 13:15:00+05:30,EXPIRED,1.0167500282086752
S1,GBPUSD,LONG,1.3550136089324951,1.351170702489486,1.3626994218185136,2026-04-27 13:45:00+05:30,SL,-1.0
S1,GBPUSD,SHORT,1.34969162940979,1.3542576453676196,1.340559597494131,2026-04-28 14:45:00+05:30,EXPIRED,-0.10375296999618744
S1,GBPUSD,SHORT,1.35694420337677,1.359983045419732,1.3508665192908462,2026-05-04 12:45:00+05:30,EXPIRED,1.045793234793061
S1,GBPUSD,LONG,1.3596932888031006,1.3538140691798588,1.3714517280495842,2026-05-06 13:15:00+05:30,EXPIRED,0.40321608715472634
S1,GBPUSD,LONG,1.3600445985794067,1.3538087710912539,1.3725162535557125,2026-05-06 13:45:00+05:30,EXPIRED,0.3297462990065024
S1,GBPUSD,LONG,1.362119436264038,1.3590082956511014,1.3683417174899115,2026-05-07 13:30:00+05:30,SL,-1.0
S1,GBPUSD,LONG,1.362138032913208,1.3590107509695255,1.368392596800573,2026-05-07 14:00:00+05:30,SL,-1.0
S1,GBPUSD,LONG,1.3621751070022583,1.3590185775654167,1.3684881658759416,2026-05-07 15:00:00+05:30,SL,-1.0
S1,GBPUSD,LONG,1.362434983253479,1.3590162043142349,1.3692725411319673,2026-05-07 15:30:00+05:30,SL,-1.0
S1,GBPUSD,LONG,1.3602666854858398,1.3579113028100835,1.3649774508373524,2026-05-11 13:30:00+05:30,TP2,2.0
S1,GBPUSD,SHORT,1.3524113893508911,1.3612390110758303,1.3347561459010127,2026-05-12 13:00:00+05:30,EXPIRED,-0.020715324678477583
S1,GBPUSD,SHORT,1.3520822525024414,1.3551771043932748,1.3458925487207747,2026-05-13 13:15:00+05:30,EXPIRED,0.46615181373189457
S1,GBPUSD,SHORT,1.352155327796936,1.3551829820212407,1.3461000193483268,2026-05-13 14:30:00+05:30,EXPIRED,0.0784713499208366
S1,GBPUSD,SHORT,1.3514609336853027,1.3534258558073555,1.3475310894411971,2026-05-14 12:45:00+05:30,TP2,2.0
S1,GBPUSD,SHORT,1.3506395816802979,1.353440020450573,1.3450387041397476,2026-05-14 13:15:00+05:30,TP2,2.0
S1,GBPUSD,SHORT,1.3514974117279053,1.3534418852433294,1.347608464697057,2026-05-14 15:30:00+05:30,TP2,2.0
S1,GBPUSD,SHORT,1.3332444429397583,1.340548302005778,1.3186367248077189,2026-05-15 14:30:00+05:30,EXPIRED,0.11674705665171399
S2,GBPUSD,LONG,1.3445016145706177,1.3439214342220431,1.3456619752677668,2026-04-10 17:15:00+05:30,TP2,2.0
S2,GBPUSD,SHORT,1.354048490524292,1.354666820352584,1.352811830867708,2026-04-16 14:45:00+05:30,SL,-1.0
S2,GBPUSD,SHORT,1.3541951179504395,1.3547991974306726,1.3529869589899732,2026-04-16 17:30:00+05:30,SL,-1.0
S2,GBPUSD,SHORT,1.3537753820419312,1.354427257870177,1.3524716303854394,2026-04-16 19:15:00+05:30,SL,-1.0
S2,GBPUSD,SHORT,1.352142572402954,1.3529704060500636,1.3504869051087351,2026-04-16 19:45:00+05:30,SL,-1.0
S2,GBPUSD,SHORT,1.3492381572723389,1.3496652435713021,1.3483839846744123,2026-04-23 12:15:00+05:30,SL,-1.0
S2,GBPUSD,SHORT,1.349269151687622,1.3498846632354171,1.348038128592032,2026-04-23 14:30:00+05:30,SL,-1.0
S2,GBPUSD,SHORT,1.349331021308899,1.3500111318679948,1.3479708001907071,2026-04-23 15:30:00+05:30,SL,-1.0
S2,GBPUSD,SHORT,1.3491743803024292,1.3498614579853956,1.3478002249364964,2026-04-23 16:00:00+05:30,SL,-1.0
S2,GBPUSD,SHORT,1.3487485647201538,1.3495427761154768,1.3471601419295078,2026-04-23 18:15:00+05:30,SL,-1.0
S2,GBPUSD,SHORT,1.348792314529419,1.3495488438068586,1.3472792559745397,2026-04-23 21:30:00+05:30,TP2,2.0
S2,GBPUSD,SHORT,1.3506760597229004,1.3511527502444833,1.3497226786797345,2026-04-28 12:15:00+05:30,SL,-1.0
S2,GBPUSD,LONG,1.3533813953399658,1.3524121315839022,1.3553199228520931,2026-04-30 16:45:00+05:30,SL,-1.0
S2,GBPUSD,LONG,1.3533997535705566,1.3523977341896667,1.3554037923323365,2026-04-30 19:30:00+05:30,TP2,2.0
S2,GBPUSD,LONG,1.3596562147140503,1.3592406127176178,1.3604874187069154,2026-05-01 12:00:00+05:30,TP2,2.0
S2,GBPUSD,SHORT,1.3586033582687378,1.3591615689307774,1.3574869369446585,2026-05-04 12:00:00+05:30,TP2,2.0
S2,GBPUSD,LONG,1.3638285398483276,1.363050000699111,1.3653856181467607,2026-05-11 20:15:00+05:30,SL,-1.0
S2,GBPUSD,SHORT,1.349582314491272,1.3504077458068804,1.3479314518600551,2026-05-13 17:45:00+05:30,SL,-1.0
S2,GBPUSD,SHORT,1.3485630750656128,1.3493180016836475,1.3470532218295435,2026-05-14 20:15:00+05:30,TP2,2.0
S3,GBPUSD,LONG,1.3439143896102905,1.3433451076031144,1.3453375946282309,2026-04-10 15:30:00+05:30,TP2,2.500000000000195
S3,GBPUSD,SHORT,1.3523838520050049,1.3528467737827334,1.3512265475606835,2026-04-17 16:30:00+05:30,SL,-1.0
S3,GBPUSD,SHORT,1.3507800102233887,1.3520994544414986,1.3474813996781139,2026-04-20 17:45:00+05:30,SL,-1.0
S3,GBPUSD,SHORT,1.351219892501831,1.352097084728366,1.3490269119354936,2026-04-20 18:00:00+05:30,SL,-1.0
S3,GBPUSD,SHORT,1.3516162633895874,1.3520948919439115,1.350419692003777,2026-04-20 18:15:00+05:30,SL,-1.0
S3,GBPUSD,SHORT,1.3518664836883545,1.3520937958373156,1.3512982033159517,2026-04-20 18:30:00+05:30,SL,-1.0
S3,GBPUSD,SHORT,1.351554036140442,1.3528514631456803,1.348310468627346,2026-04-22 15:30:00+05:30,TP2,2.5
S3,GBPUSD,SHORT,1.3509680032730103,1.3522251594349608,1.3478251128681338,2026-04-22 16:45:00+05:30,SL,-1.0
S3,GBPUSD,LONG,1.352056622505188,1.3501509393760676,1.356820830327989,2026-04-22 19:00:00+05:30,SL,-1.0
S3,GBPUSD,LONG,1.3517696857452393,1.3509597073823107,1.3537946316525606,2026-04-22 19:15:00+05:30,SL,-1.0
S3,GBPUSD,LONG,1.3517276048660278,1.3509632631482724,1.3536384591604165,2026-04-22 19:30:00+05:30,SL,-1.0
S3,GBPUSD,SHORT,1.34845769405365,1.3498586891331974,1.3449552063547812,2026-04-23 18:30:00+05:30,SL,-1.0
S3,GBPUSD,LONG,1.351048231124878,1.3497674485129443,1.3542501876547122,2026-04-23 20:00:00+05:30,SL,-1.0
S3,GBPUSD,LONG,1.3504972457885742,1.3497663085729863,1.352324588827544,2026-04-23 20:30:00+05:30,SL,-1.0
S3,GBPUSD,LONG,1.350624918937683,1.3497692100059617,1.3527641912669865,2026-04-23 20:45:00+05:30,SL,-1.0
S3,GBPUSD,SHORT,1.3493655920028687,1.3505785241100023,1.3463332617350345,2026-04-23 21:15:00+05:30,TP2,2.4999999999999085
S3,GBPUSD,SHORT,1.348792314529419,1.3498748383837569,1.346086004893574,2026-04-23 21:30:00+05:30,TP2,2.5
S3,GBPUSD,LONG,1.3608405590057373,1.3594926119232864,1.3642104267118644,2026-05-01 12:30:00+05:30,SL,-1.0
S3,GBPUSD,LONG,1.36106276512146,1.3594943787725269,1.3649837309937927,2026-05-01 12:45:00+05:30,SL,-1.0
S3,GBPUSD,LONG,1.3608589172363281,1.359488481133676,1.3642850074929584,2026-05-01 13:00:00+05:30,SL,-1.0
S3,GBPUSD,LONG,1.360377550125122,1.3594726897452172,1.3626397010748843,2026-05-01 13:15:00+05:30,SL,-1.0
S3,GBPUSD,LONG,1.3601555824279785,1.3594723135464293,1.3618637546318517,2026-05-01 13:30:00+05:30,SL,-1.0
S3,GBPUSD,LONG,1.3609145879745483,1.3594664107690804,1.3645350309882183,2026-05-01 13:45:00+05:30,SL,-1.0
S3,GBPUSD,LONG,1.3608959913253784,1.3594704476289605,1.3644598505664232,2026-05-01 14:00:00+05:30,SL,-1.0
S3,GBPUSD,LONG,1.360007643699646,1.3591621517693269,1.3621213735254438,2026-05-11 12:30:00+05:30,SL,-1.0
S3,GBPUSD,SHORT,1.3528504371643066,1.353815997041756,1.3504365374706833,2026-05-13 12:15:00+05:30,TP2,2.499999999999885
S3,GBPUSD,SHORT,1.3523198366165161,1.3529954060379505,1.35063091306293,2026-05-14 12:00:00+05:30,SL,-1.0
S3,GBPUSD,SHORT,1.3519724607467651,1.3530139041871383,1.3493688521458322,2026-05-14 12:30:00+05:30,TP2,2.5
S3,GBPUSD,SHORT,1.3361839056015015,1.3377843059107357,1.3321829048284157,2026-05-15 17:15:00+05:30,TP2,2.5000000000000693
S3,GBPUSD,SHORT,1.3354523181915283,1.3366892150545475,1.3323600760339804,2026-05-15 17:30:00+05:30,TP2,2.4999999999999103
S3,GBPUSD,SHORT,1.335559368133545,1.3366837165863503,1.3327484970015315,2026-05-15 17:45:00+05:30,TP2,2.4999999999999014
S4,GBPUSD,LONG,1.3435460329055786,1.3410474171590177,1.3510418801452615,2026-04-08 14:30:00+05:30,SL,-1.0
S4,GBPUSD,LONG,1.3434540033340454,1.3410628178533692,1.350627559776074,2026-04-08 15:30:00+05:30,SL,-1.0
S4,GBPUSD,LONG,1.3405041694641113,1.3381014751050153,1.3477122525413994,2026-04-09 14:15:00+05:30,EXPIRED,0.6521374206101653
S4,GBPUSD,LONG,1.343497395515442,1.3414933044832689,1.349509668611961,2026-04-10 15:00:00+05:30,SL,-1.0
S4,GBPUSD,LONG,1.342573881149292,1.3411403236994133,1.3468745534989282,2026-04-13 13:00:00+05:30,TP2,3.0
S4,GBPUSD,LONG,1.3541659116744995,1.3521155537911624,1.3603169853245107,2026-04-14 14:30:00+05:30,EXPIRED,0.707281894136941
S4,GBPUSD,SHORT,1.3507380485534668,1.3522781765825362,1.3461176644662585,2026-04-21 13:15:00+05:30,SL,-1.0
S4,GBPUSD,LONG,1.3520748615264893,1.351054200336631,1.355136845096064,2026-04-22 13:00:00+05:30,SL,-1.0
S4,GBPUSD,SHORT,1.3483213186264038,1.3498861288278734,1.343626888021995,2026-04-23 13:00:00+05:30,SL,-1.0
S4,GBPUSD,SHORT,1.3487013578414917,1.3498854135459148,1.3451491907282223,2026-04-23 13:30:00+05:30,SL,-1.0
S4,GBPUSD,LONG,1.3546464443206787,1.3535134823341401,1.3580453302802944,2026-04-27 13:15:00+05:30,SL,-1.0
S4,GBPUSD,SHORT,1.34969162940979,1.3515674493303271,1.3440641696481788,2026-04-28 14:45:00+05:30,SL,-1.0
S4,GBPUSD,SHORT,1.3496370315551758,1.350889578850537,1.345879389669092,2026-04-29 13:30:00+05:30,SL,-1.0
S4,GBPUSD,SHORT,1.3499102592468262,1.3508861203242046,1.3469826760146908,2026-04-29 15:00:00+05:30,SL,-1.0
S4,GBPUSD,SHORT,1.3567968606948853,1.3581918214963185,1.3526119782905857,2026-05-04 13:00:00+05:30,TP2,3.0
S4,GBPUSD,SHORT,1.3562264442443848,1.358198212669955,1.350311138967674,2026-05-04 13:30:00+05:30,EXPIRED,0.8944165079143278
S4,GBPUSD,LONG,1.3596932888031006,1.3583570159953495,1.3637021072263538,2026-05-06 13:15:00+05:30,TP2,3.0
S4,GBPUSD,LONG,1.3628991842269897,1.3600874428010015,1.3713344085049546,2026-05-07 15:45:00+05:30,SL,-1.0
S4,GBPUSD,LONG,1.3600445985794067,1.3577306114034444,1.3669865601072937,2026-05-08 13:45:00+05:30,EXPIRED,0.01597021804815049
S4,GBPUSD,LONG,1.3613406419754028,1.359729676881519,1.3661735372570543,2026-05-11 13:45:00+05:30,SL,-1.0
S4,GBPUSD,SHORT,1.3593605756759644,1.3604094819162826,1.3562138569550095,2026-05-11 15:30:00+05:30,SL,-1.0
S4,GBPUSD,SHORT,1.3524113893508911,1.3550977061060427,1.3443524390854362,2026-05-12 13:00:00+05:30,SL,-1.0
S4,GBPUSD,SHORT,1.3520822525024414,1.3538747429049325,1.3467047812949682,2026-05-13 13:15:00+05:30,EXPIRED,0.804841588071341
S4,GBPUSD,SHORT,1.352155327796936,1.3538806205328984,1.346979449589049,2026-05-13 14:30:00+05:30,EXPIRED,0.1377065521244353
S4,GBPUSD,SHORT,1.3506395816802979,1.3527992705192375,1.3441605151634788,2026-05-14 13:15:00+05:30,TP2,3.0
S4,GBPUSD,SHORT,1.3345789909362793,1.3377062847824206,1.3251971093978554,2026-05-15 14:15:00+05:30,SL,-1.0
S5,GBPUSD,LONG,1.339620590209961,1.3391947623572922,1.3404722459152985,2026-04-09 14:00:00+05:30,TP2,2.0
S5,GBPUSD,LONG,1.3426729440689087,1.3423405368302184,1.3433377585462893,2026-04-10 14:45:00+05:30,TP2,2.0
S5,GBPUSD,LONG,1.3564398288726807,1.3559810079228949,1.3573574707722522,2026-04-15 18:45:00+05:30,SL,-1.0
S5,GBPUSD,SHORT,1.3521625995635986,1.3525424723156343,1.3514028540595273,2026-04-17 13:30:00+05:30,SL,-1.0
S5,GBPUSD,SHORT,1.3522741794586182,1.3526944245443424,1.3514336892871697,2026-04-17 16:15:00+05:30,SL,-1.0
S5,GBPUSD,SHORT,1.3510282039642334,1.3514999919385924,1.3500846280155154,2026-04-22 20:00:00+05:30,TP2,2.0
S5,GBPUSD,SHORT,1.3494857549667358,1.350115334165576,1.3482265965690554,2026-04-23 17:45:00+05:30,TP2,2.0
S5,GBPUSD,SHORT,1.349647879600525,1.3501504289174433,1.348642780966688,2026-04-23 21:00:00+05:30,TP2,2.0
S5,GBPUSD,LONG,1.3605072498321533,1.359934018889069,1.361653711718322,2026-05-01 15:30:00+05:30,TP2,2.0
S5,GBPUSD,SHORT,1.35637366771698,1.3569266124820547,1.3552677781868305,2026-05-04 20:00:00+05:30,TP2,2.0
S5,GBPUSD,SHORT,1.3536745309829712,1.3540820809923815,1.3528594309641506,2026-05-13 12:00:00+05:30,TP2,2.0
S5,GBPUSD,SHORT,1.3374885320663452,1.3381184078394044,1.3362287805202269,2026-05-15 16:45:00+05:30,TP2,2.0
S1,EURUSD,LONG,1.1712344884872437,1.168522755885248,1.176657953691235,2026-04-10 15:15:00+05:30,SL,-1.0
S1,EURUSD,LONG,1.1800801753997803,1.1759316953107077,1.1883771355779253,2026-04-14 15:30:00+05:30,EXPIRED,-0.3017818410554783
S1,EURUSD,SHORT,1.1791062355041504,1.1828196255730092,1.1716794553664327,2026-04-16 13:30:00+05:30,EXPIRED,0.11226261659260346
S1,EURUSD,SHORT,1.1690436601638794,1.1717408973340506,1.163649185823537,2026-04-23 15:30:00+05:30,SL,-1.0
S1,EURUSD,LONG,1.1748120784759521,1.1708712138917274,1.1826938076444016,2026-04-27 13:15:00+05:30,SL,-1.0
S1,EURUSD,SHORT,1.169864296913147,1.1725526845848262,1.1644875215697885,2026-04-29 13:30:00+05:30,EXPIRED,0.20353115170190875
S1,EURUSD,LONG,1.1750881671905518,1.1722272461560703,1.1808100092595146,2026-05-01 13:45:00+05:30,SL,-1.0
S1,EURUSD,SHORT,1.1724703311920166,1.1740799358737364,1.169251121828577,2026-05-04 12:45:00+05:30,TP2,2.0
S1,EURUSD,LONG,1.1750881671905518,1.1693441897593948,1.1865761220528657,2026-05-06 14:00:00+05:30,EXPIRED,0.40947223609880606
S1,EURUSD,LONG,1.177024483680725,1.1748537530489047,1.1813659449443659,2026-05-07 13:15:00+05:30,SL,-1.0
S1,EURUSD,LONG,1.1773016452789307,1.1748552784566217,1.1821943789235485,2026-05-07 13:45:00+05:30,SL,-1.0
S1,EURUSD,LONG,1.1778563261032104,1.1751483997140106,1.18327217888161,2026-05-11 13:30:00+05:30,SL,-1.0
S1,EURUSD,LONG,1.1777175664901733,1.175145810394396,1.1828610786817282,2026-05-11 14:30:00+05:30,SL,-1.0
S1,EURUSD,SHORT,1.1743981838226318,1.1791974595130377,1.1647996324418202,2026-05-12 14:00:00+05:30,EXPIRED,0.716357244806207
S1,EURUSD,SHORT,1.1716461181640625,1.1746066702496751,1.1657250139928372,2026-05-13 13:00:00+05:30,EXPIRED,-0.046386314981545815
S1,EURUSD,SHORT,1.162520408630371,1.1676469300041221,1.152267365882869,2026-05-15 14:30:00+05:30,EXPIRED,-0.10550088593430716
S2,EURUSD,SHORT,1.1664528846740723,1.1668545199549034,1.16564961411241,2026-04-09 12:45:00+05:30,SL,-1.0
S2,EURUSD,LONG,1.1712344884872437,1.1706791747814647,1.1723451158988016,2026-04-10 15:15:00+05:30,TP2,2.0
S2,EURUSD,SHORT,1.1773016452789307,1.1777920796366563,1.1763207765634793,2026-04-16 19:15:00+05:30,SL,-1.0
S2,EURUSD,LONG,1.183712124824524,1.1830868547202087,1.1849626650331544,2026-04-17 18:15:00+05:30,TP2,2.0
S2,EURUSD,SHORT,1.1742602586746216,1.174717668153441,1.1733454397169827,2026-04-22 17:00:00+05:30,TP2,2.0
S2,EURUSD,SHORT,1.17384672164917,1.1744314454361795,1.1726772740751508,2026-04-22 19:30:00+05:30,TP2,2.0
S2,EURUSD,LONG,1.172195553779602,1.1716429079444346,1.173300845449937,2026-04-24 16:45:00+05:30,SL,-1.0
S2,EURUSD,LONG,1.17205810546875,1.1714729561237909,1.1732284041586682,2026-04-24 21:15:00+05:30,SL,-1.0
S2,EURUSD,SHORT,1.1704120635986328,1.1707443990767734,1.1697473926423516,2026-04-28 12:00:00+05:30,TP2,2.0
S2,EURUSD,SHORT,1.1704120635986328,1.1709017999652807,1.1694325908653371,2026-04-28 14:00:00+05:30,TP2,2.0
S2,EURUSD,LONG,1.173433542251587,1.1724440604941682,1.1754125057664244,2026-04-30 20:15:00+05:30,SL,-1.0
S2,EURUSD,LONG,1.1741223335266113,1.1737123525433555,1.174942295493123,2026-05-01 12:15:00+05:30,SL,-1.0
S2,EURUSD,LONG,1.1742602586746216,1.1738399524538117,1.1751008711162414,2026-05-01 12:45:00+05:30,SL,-1.0
S2,EURUSD,LONG,1.1750881671905518,1.1745593875186329,1.1761457265343895,2026-05-01 13:45:00+05:30,SL,-1.0
S2,EURUSD,LONG,1.1742602586746216,1.173739610820084,1.1753015543836969,2026-05-01 15:00:00+05:30,SL,-1.0
S2,EURUSD,LONG,1.1745359897613525,1.173972434950081,1.1756630993838955,2026-05-01 15:30:00+05:30,TP2,2.0
S2,EURUSD,SHORT,1.1719207763671875,1.1724143236644577,1.170933681772647,2026-05-04 13:30:00+05:30,SL,-1.0
S2,EURUSD,SHORT,1.169864296913147,1.1704324164447495,1.168728057849942,2026-05-04 15:30:00+05:30,SL,-1.0
S2,EURUSD,SHORT,1.171783447265625,1.1724368133548368,1.1704767150872013,2026-05-04 19:15:00+05:30,TP2,2.0
S2,EURUSD,SHORT,1.1690436601638794,1.1694603854446646,1.168210209602309,2026-05-05 14:00:00+05:30,SL,-1.0
S2,EURUSD,SHORT,1.1690436601638794,1.169468539046444,1.16819390239875,2026-05-05 14:30:00+05:30,SL,-1.0
S2,EURUSD,SHORT,1.1689070463180542,1.169371533180407,1.1679780725933484,2026-05-05 16:30:00+05:30,SL,-1.0
S2,EURUSD,LONG,1.1781338453292847,1.177594420042065,1.1792126959037241,2026-05-08 18:45:00+05:30,SL,-1.0
S2,EURUSD,LONG,1.1786893606185913,1.178202113758038,1.1796638543396978,2026-05-11 18:30:00+05:30,SL,-1.0
S2,EURUSD,SHORT,1.1748120784759521,1.1752308082310616,1.1739746189657332,2026-05-12 13:30:00+05:30,SL,-1.0
S2,EURUSD,SHORT,1.1743981838226318,1.1748543038670687,1.1734859437337581,2026-05-12 14:00:00+05:30,SL,-1.0
S2,EURUSD,SHORT,1.1748120784759521,1.1752492923309708,1.173937650765915,2026-05-12 14:45:00+05:30,SL,-1.0
S2,EURUSD,SHORT,1.1745359897613525,1.1749553407514512,1.1736972877811551,2026-05-12 16:15:00+05:30,SL,-1.0
S2,EURUSD,SHORT,1.1748120784759521,1.1752622545384244,1.1739117263510077,2026-05-12 17:15:00+05:30,SL,-1.0
S2,EURUSD,SHORT,1.1745359897613525,1.1750615421048616,1.1734848850743345,2026-05-12 18:30:00+05:30,TP2,2.0
S2,EURUSD,SHORT,1.172195553779602,1.1725220094598674,1.1715426424190714,2026-05-13 12:15:00+05:30,SL,-1.0
S2,EURUSD,SHORT,1.1694538593292236,1.1698917752159341,1.1685780275558026,2026-05-14 19:00:00+05:30,SL,-1.0
S2,EURUSD,SHORT,1.1683608293533325,1.1689305354318473,1.167221417196303,2026-05-14 20:15:00+05:30,TP2,2.0
S3,EURUSD,LONG,1.1691803932189941,1.1687825104227978,1.1701751002094851,2026-04-10 14:00:00+05:30,SL,-1.0
S3,EURUSD,LONG,1.1700011491775513,1.1687503262603816,1.1731282064704756,2026-04-10 14:45:00+05:30,TP2,2.5
S3,EURUSD,LONG,1.1704120635986328,1.169023129593609,1.1738843986111922,2026-04-10 15:00:00+05:30,TP2,2.50000000000008
S3,EURUSD,SHORT,1.1689070463180542,1.169307920227694,1.167904861543955,2026-04-13 12:15:00+05:30,SL,-1.0
S3,EURUSD,SHORT,1.1689070463180542,1.169589583270872,1.1672007039360097,2026-04-13 14:15:00+05:30,SL,-1.0
S3,EURUSD,SHORT,1.168770432472229,1.1695916035707945,1.1667175047258151,2026-04-13 14:30:00+05:30,SL,-1.0
S3,EURUSD,SHORT,1.1690436601638794,1.1695905495695416,1.167676436649724,2026-04-13 14:45:00+05:30,SL,-1.0
S3,EURUSD,SHORT,1.1691803932189941,1.169589575963062,1.1681574363588247,2026-04-13 15:00:00+05:30,SL,-1.0
S3,EURUSD,SHORT,1.1690436601638794,1.1695857393513793,1.1676884621951296,2026-04-13 15:15:00+05:30,SL,-1.0
S3,EURUSD,SHORT,1.1761938333511353,1.1771678458180244,1.1737588021839125,2026-04-20 17:45:00+05:30,SL,-1.0
S3,EURUSD,SHORT,1.176747441291809,1.1771694686926604,1.1756923727896809,2026-04-20 18:00:00+05:30,SL,-1.0
S3,EURUSD,SHORT,1.176747441291809,1.1771680149998238,1.1756960070217723,2026-04-20 18:15:00+05:30,SL,-1.0
S3,EURUSD,SHORT,1.170548915863037,1.1709548467700865,1.1695340885954135,2026-04-29 18:00:00+05:30,TP2,2.5
S3,EURUSD,SHORT,1.1702749729156494,1.1709561903245476,1.168571929393404,2026-04-29 18:30:00+05:30,TP2,2.5
S3,EURUSD,LONG,1.1737089157104492,1.1723472632506204,1.177113046860021,2026-05-01 12:30:00+05:30,TP2,2.4999999999999183
S3,EURUSD,LONG,1.1742602586746216,1.1723442393257737,1.1790503070467413,2026-05-01 12:45:00+05:30,SL,-1.0
S3,EURUSD,LONG,1.1741223335266113,1.1723384758566728,1.1785819777014575,2026-05-01 13:00:00+05:30,TP2,2.499999999999938
S3,EURUSD,LONG,1.17384672164917,1.172330171079535,1.177638098073257,2026-05-01 13:15:00+05:30,TP2,2.5
S3,EURUSD,LONG,1.1737089157104492,1.1723313235629373,1.177152896079229,2026-05-01 13:30:00+05:30,TP2,2.5000000000000804
S3,EURUSD,LONG,1.1750881671905518,1.1723116972904408,1.182029341940829,2026-05-01 13:45:00+05:30,SL,-1.0
S3,EURUSD,LONG,1.1748120784759521,1.1739661563378931,1.1769268838210998,2026-05-01 14:00:00+05:30,SL,-1.0
S3,EURUSD,LONG,1.1746740341186523,1.1739684401257457,1.1764380191009187,2026-05-01 14:15:00+05:30,SL,-1.0
S3,EURUSD,SHORT,1.1691803932189941,1.1697183975627965,1.1678353823594882,2026-05-05 14:15:00+05:30,SL,-1.0
S3,EURUSD,SHORT,1.1694538593292236,1.1697203697108134,1.1687875833752492,2026-05-05 15:00:00+05:30,SL,-1.0
S3,EURUSD,SHORT,1.1694538593292236,1.1697228198779321,1.1687814579574525,2026-05-05 15:15:00+05:30,SL,-1.0
S3,EURUSD,LONG,1.176747441291809,1.1757729344444752,1.179183708410144,2026-05-07 12:45:00+05:30,SL,-1.0
S3,EURUSD,LONG,1.1774401664733887,1.176886603323197,1.1788240743488676,2026-05-07 14:00:00+05:30,SL,-1.0
S3,EURUSD,LONG,1.1774401664733887,1.1768875393227796,1.1788217343499114,2026-05-07 14:15:00+05:30,SL,-1.0
S3,EURUSD,LONG,1.177024483680725,1.1765049476350316,1.178323323794959,2026-05-11 12:30:00+05:30,TP2,2.5000000000002136
S4,EURUSD,LONG,1.1675423383712769,1.166090594834607,1.1718975689812865,2026-04-09 14:15:00+05:30,TP2,3.0
S4,EURUSD,LONG,1.1700011491775513,1.1685293385879554,1.174416580946339,2026-04-10 14:45:00+05:30,SL,-1.0
S4,EURUSD,LONG,1.1700011491775513,1.1689539154728135,1.1731428502917647,2026-04-13 13:00:00+05:30,SL,-1.0
S4,EURUSD,SHORT,1.1689070463180542,1.1699547795409124,1.1657638466494795,2026-04-13 14:15:00+05:30,SL,-1.0
S4,EURUSD,SHORT,1.168770432472229,1.169951793508959,1.1652263493620392,2026-04-13 15:30:00+05:30,SL,-1.0
S4,EURUSD,LONG,1.1800801753997803,1.1780101092740256,1.1862903737770443,2026-04-14 15:30:00+05:30,SL,-1.0
S4,EURUSD,LONG,1.1792453527450562,1.1786166957458568,1.1811313237426542,2026-04-15 13:00:00+05:30,SL,-1.0
S4,EURUSD,LONG,1.1792453527450562,1.1786132281194943,1.1811417266217417,2026-04-15 13:30:00+05:30,SL,-1.0
S4,EURUSD,SHORT,1.1774401664733887,1.178057557668075,1.1755879928893298,2026-04-21 13:00:00+05:30,TP2,3.0
S4,EURUSD,SHORT,1.1749500036239624,1.175597877606415,1.1730063816766043,2026-04-22 15:30:00+05:30,SL,-1.0
S4,EURUSD,SHORT,1.1701380014419556,1.1714516624192681,1.166197018510018,2026-04-23 13:00:00+05:30,SL,-1.0
S4,EURUSD,SHORT,1.1701380014419556,1.1714542121428624,1.1661893693392351,2026-04-23 14:00:00+05:30,SL,-1.0
S4,EURUSD,SHORT,1.169864296913147,1.1714580766272713,1.165082957770774,2026-04-23 14:30:00+05:30,SL,-1.0
S4,EURUSD,LONG,1.1748120784759521,1.173206881501896,1.179627669398121,2026-04-27 13:15:00+05:30,SL,-1.0
S4,EURUSD,SHORT,1.169864296913147,1.1711796319877803,1.165918291689247,2026-04-29 13:30:00+05:30,SL,-1.0
S4,EURUSD,SHORT,1.1701380014419556,1.1711806177013446,1.1670101526637884,2026-04-29 15:15:00+05:30,SL,-1.0
S4,EURUSD,LONG,1.1750881671905518,1.1736031597760654,1.1795431894340107,2026-05-01 13:45:00+05:30,SL,-1.0
S4,EURUSD,LONG,1.1745359897613525,1.173596204748195,1.1773553448008254,2026-05-01 15:30:00+05:30,TP2,3.0
S4,EURUSD,SHORT,1.172333002090454,1.1732526528429035,1.169574049833106,2026-05-04 13:00:00+05:30,TP2,3.0
S4,EURUSD,SHORT,1.17205810546875,1.1732467820986758,1.1684920755789725,2026-05-04 15:15:00+05:30,TP2,3.0
S4,EURUSD,LONG,1.1739845275878906,1.172921479202862,1.1771736727429767,2026-05-06 13:45:00+05:30,TP2,3.0
S4,EURUSD,LONG,1.1773016452789307,1.175131486380511,1.18381212197419,2026-05-07 13:45:00+05:30,SL,-1.0
S4,EURUSD,LONG,1.177994966506958,1.1751324325781711,1.1865825682933187,2026-05-07 15:00:00+05:30,SL,-1.0
S4,EURUSD,LONG,1.1759172677993774,1.174459194660763,1.1802914872152208,2026-05-08 13:45:00+05:30,EXPIRED,0.8543721455491822
S4,EURUSD,LONG,1.1778563261032104,1.1768081506524262,1.1810008524555633,2026-05-11 13:30:00+05:30,SL,-1.0
S4,EURUSD,SHORT,1.1743981838226318,1.175731926256507,1.1703969565210066,2026-05-12 14:00:00+05:30,EXPIRED,2.5777060272842416
S4,EURUSD,SHORT,1.1716461181640625,1.1726785792004808,1.1685487350548076,2026-05-13 13:00:00+05:30,EXPIRED,-0.13301141323347884
S4,EURUSD,SHORT,1.1710972785949707,1.1722704605220549,1.1675777328137182,2026-05-14 13:15:00+05:30,TP2,3.0
S4,EURUSD,SHORT,1.1712344884872437,1.172266689700762,1.1681378848466883,2026-05-14 15:00:00+05:30,TP2,3.0
S4,EURUSD,SHORT,1.162520408630371,1.165198371196749,1.1544865209312372,2026-05-15 14:30:00+05:30,SL,-1.0
S5,EURUSD,LONG,1.1665889024734497,1.1663055344884965,1.1671556384433561,2026-04-09 12:15:00+05:30,SL,-1.0
S5,EURUSD,SHORT,1.1689070463180542,1.1691404700165398,1.168440198921083,2026-04-13 14:15:00+05:30,SL,-1.0
S5,EURUSD,SHORT,1.168770432472229,1.1691447737755747,1.1680217498655376,2026-04-13 14:30:00+05:30,SL,-1.0
S5,EURUSD,SHORT,1.1689070463180542,1.1692503973107344,1.1682203443326937,2026-04-13 17:45:00+05:30,SL,-1.0
S5,EURUSD,LONG,1.1792453527450562,1.1789515396193062,1.179832978996556,2026-04-15 18:15:00+05:30,SL,-1.0
S5,EURUSD,LONG,1.1792453527450562,1.1789368981249355,1.1798622619852974,2026-04-15 19:15:00+05:30,TP2,2.0
S5,EURUSD,SHORT,1.1702749729156494,1.1707744429312215,1.1692760328845053,2026-04-23 21:30:00+05:30,SL,-1.0
S5,EURUSD,SHORT,1.1710972785949707,1.1714773485828678,1.1703371386191765,2026-04-28 21:45:00+05:30,SL,-1.0
S5,EURUSD,SHORT,1.1691803932189941,1.16938751271641,1.1687661542241625,2026-05-05 12:45:00+05:30,SL,-1.0
S5,EURUSD,SHORT,1.1691803932189941,1.1694693253293245,1.1686025289983335,2026-05-05 16:00:00+05:30,SL,-1.0
S5,EURUSD,SHORT,1.1691803932189941,1.1694691622439577,1.168602855169067,2026-05-05 17:15:00+05:30,SL,-1.0
S5,EURUSD,LONG,1.1764705181121826,1.1762929578862398,1.1768256385640683,2026-05-11 12:00:00+05:30,TP2,2.0
S5,EURUSD,SHORT,1.1716461181640625,1.1719279343205464,1.1710824858510946,2026-05-14 12:30:00+05:30,TP2,2.0
S1,NAS100,LONG,26512.75,26436.336056393626,26665.57788721275,2026-04-17 14:00:00+05:30,TP2,2.0
S1,NAS100,LONG,26863.0,26722.771383699885,27143.45723260023,2026-04-22 13:00:00+05:30,EXPIRED,0.48670522323298315
S1,NAS100,LONG,26859.25,26722.679395047857,27132.391209904286,2026-04-22 15:00:00+05:30,TP2,2.0
S1,NAS100,LONG,27139.0,26986.168207585746,27444.663584828508,2026-04-24 15:30:00+05:30,TP2,2.0
S1,NAS100,SHORT,27316.0,27517.257760265198,26913.484479469604,2026-04-28 13:30:00+05:30,EXPIRED,0.30557827891436934
S1,NAS100,SHORT,27314.75,27517.436251045223,26909.377497909554,2026-04-28 14:45:00+05:30,EXPIRED,0.1640466476070019
S1,NAS100,SHORT,27700.25,27975.140272053028,27150.469455893945,2026-05-04 15:30:00+05:30,EXPIRED,-0.7757640836372085
S1,NAS100,LONG,27926.5,27726.140304565943,28327.219390868115,2026-05-05 13:30:00+05:30,TP2,2.0
S1,NAS100,LONG,28482.75,28235.87102116475,28976.507957670503,2026-05-06 14:15:00+05:30,EXPIRED,1.0025154882269784
S1,NAS100,LONG,28847.75,28535.34899008441,29472.55201983118,2026-05-08 13:30:00+05:30,EXPIRED,1.4964740354914932
S1,NAS100,LONG,29355.5,29049.327592679296,29967.84481464141,2026-05-13 13:00:00+05:30,EXPIRED,0.6524101951184951
S1,NAS100,SHORT,29228.0,29746.68392013369,28190.632159732617,2026-05-15 13:45:00+05:30,EXPIRED,-0.007229836620023678
S1,NAS100,SHORT,29241.0,29746.985194072055,28229.02961185589,2026-05-15 14:30:00+05:30,EXPIRED,0.018281167331316732
S1,NAS100,SHORT,29212.25,29746.933407133558,28142.883185732884,2026-05-15 15:00:00+05:30,EXPIRED,-0.03647017981077748
S2,NAS100,LONG,26023.75,25995.914461775057,26079.421076449886,2026-04-15 18:45:00+05:30,SL,-1.0
S2,NAS100,LONG,26068.5,26033.41221448972,26138.67557102056,2026-04-15 19:15:00+05:30,TP2,2.0
S2,NAS100,LONG,26565.75,26547.16698231842,26602.91603536316,2026-04-17 17:15:00+05:30,TP2,2.0
S2,NAS100,LONG,26847.0,26823.017477450372,26894.965045099256,2026-04-21 14:00:00+05:30,SL,-1.0
S2,NAS100,LONG,26840.75,26818.517965923762,26885.214068152476,2026-04-21 15:15:00+05:30,TP2,2.0
S2,NAS100,LONG,26838.5,26802.113878499145,26911.27224300171,2026-04-21 19:15:00+05:30,SL,-1.0
S2,NAS100,LONG,26922.25,26880.463226290467,27005.823547419066,2026-04-22 19:30:00+05:30,TP2,2.0
S2,NAS100,LONG,27183.0,27152.17382093382,27244.652358132364,2026-04-24 15:45:00+05:30,TP2,2.0
S2,NAS100,LONG,27477.5,27454.930357753165,27522.63928449367,2026-04-27 16:00:00+05:30,SL,-1.0
S2,NAS100,SHORT,27284.5,27312.704022709964,27228.09195458007,2026-04-28 15:00:00+05:30,TP2,2.0
S2,NAS100,LONG,27418.0,27369.42499509835,27515.1500098033,2026-04-30 15:45:00+05:30,SL,-1.0
S2,NAS100,LONG,27415.0,27364.119520492375,27516.76095901525,2026-04-30 16:30:00+05:30,TP2,2.0
S2,NAS100,LONG,27430.75,27352.986609762756,27586.276780474487,2026-04-30 21:30:00+05:30,SL,-1.0
S2,NAS100,LONG,27632.0,27603.2742573828,27689.4514852344,2026-05-01 18:45:00+05:30,TP2,2.0
S2,NAS100,LONG,27925.0,27884.85897813188,28005.28204373624,2026-05-04 12:30:00+05:30,SL,-1.0
S2,NAS100,LONG,27926.5,27872.74576272381,28034.008474552378,2026-05-04 20:00:00+05:30,SL,-1.0
S2,NAS100,LONG,27993.5,27965.90345506413,28048.69308987174,2026-05-05 17:30:00+05:30,TP2,2.0
S2,NAS100,LONG,28837.0,28799.12530954993,28912.74938090014,2026-05-07 19:30:00+05:30,TP2,2.0
S2,NAS100,LONG,28961.0,28931.587274247,29019.825451506003,2026-05-08 18:00:00+05:30,SL,-1.0
S2,NAS100,LONG,28996.75,28955.392587457532,29079.464825084935,2026-05-08 19:00:00+05:30,TP2,2.0
S2,NAS100,LONG,29399.25,29356.248242952573,29485.253514094853,2026-05-11 19:00:00+05:30,SL,-1.0
S2,NAS100,LONG,29400.5,29348.96404621931,29503.57190756138,2026-05-11 19:30:00+05:30,SL,-1.0
S2,NAS100,LONG,29391.5,29329.04619516903,29516.40760966194,2026-05-11 20:15:00+05:30,SL,-1.0
S2,NAS100,LONG,29427.0,29365.0997805284,29550.800438943203,2026-05-11 20:45:00+05:30,SL,-1.0
S2,NAS100,SHORT,29219.5,29252.38575725786,29153.72848548428,2026-05-12 12:15:00+05:30,SL,-1.0
S2,NAS100,SHORT,29182.5,29217.51696367128,29112.466072657437,2026-05-12 13:30:00+05:30,SL,-1.0
S2,NAS100,SHORT,29225.0,29258.817263968314,29157.36547206337,2026-05-12 15:45:00+05:30,TP2,2.0
S2,NAS100,SHORT,29129.5,29186.71347953104,29015.073040937918,2026-05-12 19:15:00+05:30,SL,-1.0
S2,NAS100,LONG,29576.0,29537.06990860315,29653.860182793702,2026-05-14 14:15:00+05:30,SL,-1.0
S2,NAS100,LONG,29565.75,29523.208923668673,29650.832152662653,2026-05-14 16:30:00+05:30,SL,-1.0
S2,NAS100,LONG,29626.0,29574.892050908165,29728.21589818367,2026-05-14 19:00:00+05:30,SL,-1.0
S2,NAS100,LONG,29583.75,29523.22069695653,29704.80860608694,2026-05-14 19:30:00+05:30,TP2,2.0
S2,NAS100,SHORT,29393.75,29452.715127097967,29275.819745804067,2026-05-15 13:00:00+05:30,TP2,2.0
S3,NAS100,LONG,26452.75,26429.48902898044,26510.902427548903,2026-04-16 14:30:00+05:30,SL,-1.0
S3,NAS100,LONG,26404.25,26357.411354190186,26521.346614524533,2026-04-16 20:15:00+05:30,TP2,2.4999999999999614
S3,NAS100,LONG,26458.0,26408.799203357863,26581.001991605342,2026-04-16 20:45:00+05:30,SL,-1.0
S3,NAS100,LONG,26498.75,26407.85104597516,26725.997385062103,2026-04-16 21:00:00+05:30,SL,-1.0
S3,NAS100,LONG,26675.0,26630.622183472282,26785.944541319295,2026-04-20 21:45:00+05:30,TP2,2.5
S3,NAS100,LONG,26846.25,26822.904402320943,26904.613994197643,2026-04-21 12:15:00+05:30,SL,-1.0
S3,NAS100,LONG,26837.0,26822.428083004033,26873.429792489915,2026-04-21 14:15:00+05:30,SL,-1.0
S3,NAS100,SHORT,27237.75,27267.537810949274,27163.280472626815,2026-04-29 13:15:00+05:30,SL,-1.0
S3,NAS100,SHORT,27245.5,27268.77125025728,27187.3218743568,2026-04-29 13:45:00+05:30,SL,-1.0
S3,NAS100,LONG,27305.5,27212.020620742518,27539.198448143703,2026-04-29 20:00:00+05:30,SL,-1.0
S3,NAS100,LONG,27401.75,27252.061145624935,27775.972135937664,2026-04-30 20:30:00+05:30,TP2,2.500000000000012
S3,NAS100,LONG,27361.25,27252.70170209497,27632.62074476257,2026-04-30 21:00:00+05:30,TP2,2.5
S3,NAS100,LONG,27388.5,27252.403366231043,27728.741584422394,2026-04-30 21:15:00+05:30,TP2,2.5000000000000133
S3,NAS100,LONG,27430.75,27252.420982928827,27876.57254267793,2026-04-30 21:30:00+05:30,TP2,2.49999999999999
S3,NAS100,LONG,27614.25,27557.114753912163,27757.088115219594,2026-05-01 17:45:00+05:30,TP2,2.500000000000032
S3,NAS100,LONG,27571.5,27556.66905720415,27608.57735698962,2026-05-01 18:00:00+05:30,TP2,2.4999999999998774
S3,NAS100,LONG,27577.0,27556.753410260997,27627.61647434751,2026-05-01 18:15:00+05:30,TP2,2.5000000000000897
S3,NAS100,LONG,27813.75,27751.1387603678,27970.278099080497,2026-05-04 16:15:00+05:30,SL,-1.0
S3,NAS100,LONG,27828.75,27751.105634627245,28022.860913431887,2026-05-04 16:30:00+05:30,SL,-1.0
S3,NAS100,LONG,27810.75,27751.60269006125,27958.61827484688,2026-05-04 17:00:00+05:30,SL,-1.0
S3,NAS100,LONG,27826.75,27751.836426485443,28014.03393378639,2026-05-04 17:15:00+05:30,SL,-1.0
S3,NAS100,LONG,29339.0,29307.79414109606,29417.01464725985,2026-05-11 15:00:00+05:30,SL,-1.0
S3,NAS100,LONG,29224.0,29154.234901302498,29398.412746743757,2026-05-12 18:15:00+05:30,SL,-1.0
S3,NAS100,LONG,29213.25,29154.51670061287,29360.08324846783,2026-05-12 18:45:00+05:30,SL,-1.0
S3,NAS100,LONG,29541.75,29479.12707132442,29698.307321688953,2026-05-14 19:15:00+05:30,TP2,2.500000000000029
S3,NAS100,SHORT,29285.75,29357.609968424167,29106.100078939584,2026-05-15 20:30:00+05:30,SL,-1.0
S3,NAS100,SHORT,29281.25,29357.965406569932,29089.46148357517,2026-05-15 21:15:00+05:30,SL,-1.0
S3,NAS100,SHORT,29287.25,29357.33930610065,29112.026734748375,2026-05-15 21:30:00+05:30,SL,-1.0
S4,NAS100,LONG,26482.0,26452.729552279536,26569.811343161393,2026-04-16 13:00:00+05:30,SL,-1.0
S4,NAS100,LONG,26488.25,26453.458779583118,26592.623661250647,2026-04-17 13:15:00+05:30,TP2,3.0
S4,NAS100,LONG,26497.75,26453.411906885445,26630.764279343664,2026-04-17 13:45:00+05:30,TP2,3.0
S4,NAS100,LONG,26850.25,26803.496193671555,26990.511418985334,2026-04-21 15:30:00+05:30,SL,-1.0
S4,NAS100,LONG,26863.0,26820.771383699885,26989.685848900346,2026-04-22 13:00:00+05:30,SL,-1.0
S4,NAS100,LONG,26855.75,26820.50473312846,26961.485800614624,2026-04-22 14:45:00+05:30,SL,-1.0
S4,NAS100,LONG,27139.0,27065.418207585746,27359.74537724276,2026-04-24 15:30:00+05:30,TP2,3.0
S4,NAS100,LONG,27447.5,27403.10488930452,27580.685332086443,2026-04-27 14:30:00+05:30,SL,-1.0
S4,NAS100,SHORT,27316.0,27353.257760265198,27204.226719204406,2026-04-28 13:30:00+05:30,SL,-1.0
S4,NAS100,LONG,27357.25,27314.482079753747,27485.55376073876,2026-04-28 13:45:00+05:30,SL,-1.0
S4,NAS100,LONG,27352.0,27314.762099379506,27463.71370186148,2026-04-28 14:15:00+05:30,SL,-1.0
S4,NAS100,SHORT,27314.75,27353.436251045223,27198.69124686433,2026-04-28 14:45:00+05:30,TP2,3.0
S4,NAS100,SHORT,27238.0,27293.079710425118,27072.760868724647,2026-04-29 13:00:00+05:30,SL,-1.0
S4,NAS100,SHORT,27236.0,27294.24427284363,27061.267181469113,2026-04-29 15:00:00+05:30,SL,-1.0
S4,NAS100,LONG,27383.75,27259.77586172913,27755.672414812612,2026-04-30 14:00:00+05:30,SL,-1.0
S4,NAS100,LONG,27393.0,27259.92148987569,27792.235530372927,2026-04-30 14:45:00+05:30,SL,-1.0
S4,NAS100,LONG,27926.5,27869.640304565943,28097.079086302172,2026-05-05 13:30:00+05:30,TP2,3.0
S4,NAS100,LONG,28362.0,28302.738022792804,28539.785931621587,2026-05-06 14:00:00+05:30,TP2,3.0
S4,NAS100,LONG,28847.75,28797.84899008441,28997.453029746768,2026-05-08 13:30:00+05:30,TP2,3.0
S4,NAS100,LONG,29339.0,29281.196094064042,29512.411717807874,2026-05-11 15:00:00+05:30,SL,-1.0
S4,NAS100,LONG,29355.5,29283.327592679296,29572.017221962113,2026-05-13 13:00:00+05:30,SL,-1.0
S4,NAS100,LONG,29620.5,29574.546056227606,29758.361831317183,2026-05-14 13:00:00+05:30,SL,-1.0
S4,NAS100,SHORT,29393.75,29481.043025419593,29131.870923741222,2026-05-15 13:00:00+05:30,TP2,3.0
S4,NAS100,SHORT,29341.75,29480.99806783628,28924.005796491158,2026-05-15 13:30:00+05:30,SL,-1.0
S5,NAS100,LONG,26701.5,26673.367812151788,26757.764375696424,2026-04-20 17:00:00+05:30,TP2,2.0
S5,NAS100,SHORT,27207.25,27233.898678098023,27153.952643803954,2026-04-29 18:45:00+05:30,TP2,2.0
S5,NAS100,LONG,27359.5,27288.963867682265,27500.57226463547,2026-04-30 20:15:00+05:30,TP2,2.0
S5,NAS100,LONG,27601.0,27580.9350245192,27641.1299509616,2026-05-01 17:30:00+05:30,SL,-1.0
S5,NAS100,LONG,27925.0,27899.198934085853,27976.602131828295,2026-05-04 12:30:00+05:30,SL,-1.0
S5,NAS100,LONG,29565.75,29532.944040189017,29631.361919621966,2026-05-14 16:30:00+05:30,SL,-1.0
S5,NAS100,LONG,29560.75,29533.408882496162,29615.432235007676,2026-05-14 17:30:00+05:30,SL,-1.0
